zhWords_id,zhWords_word,ziIndex,pinyin,zi
1,中国,0,zhong,中
1,中国,1,guo,国
2,公司,0,gong,公
2,公司,1,si,司
3,市场,0,shi,市
3,市场,1,chang,场
4,记者,0,ji,记
4,记者,1,zhe,者
5,我们,0,wo,我
5,我们,1,men,们
6,没有,0,mei,没
6,没有,1,you,有
7,一个,0,yi,一
7,一个,1,ge,个
8,可以,0,ke,可
8,可以,1,yi,以
9,表示,0,biao,表
9,表示,1,shi,示
10,企业,0,qi,企
10,企业,1,ye,业
11,美国,0,mei,美
11,美国,1,guo,国
12,问题,0,wen,问
12,问题,1,ti,题
13,经济,0,jing,经
13,经济,1,ji,济
14,自己,0,zi,自
14,自己,1,ji,己
15,目前,0,mu,目
15,目前,1,qian,前
16,进行,0,jin,进
16,进行,1,xing,行
17,已经,0,yi,已
17,已经,1,jing,经
18,可能,0,ke,可
18,可能,1,neng,能
19,发展,0,fa,发
19,发展,1,zhan,展
20,投资,0,tou,投
20,投资,1,zi,资
21,基金,0,ji,基
21,基金,1,jin,金
22,这个,0,zhe,这
22,这个,1,ge,个
23,工作,0,gong,工
23,工作,1,zuo,作
24,产品,0,chan,产
24,产品,1,pin,品
25,银行,0,yin,银
25,银行,1,hang,行
26,如果,0,ru,如
26,如果,1,guo,果
27,认为,0,ren,认
27,认为,1,wei,为
28,国家,0,guo,国
28,国家,1,jia,家
29,政府,0,zheng,政
29,政府,1,fu,府
30,时间,0,shi,时
30,时间,1,jian,间
31,他们,0,ta,他
31,他们,1,men,们
32,价格,0,jia,价
32,价格,1,ge,格
33,增长,0,zeng,增
33,增长,1,zhang,长
34,今年,0,jin,今
34,今年,1,nian,年
35,因为,0,yin,因
35,因为,1,wei,为
36,美元,0,mei,美
36,美元,1,yuan,元
37,通过,0,tong,通
37,通过,1,guo,过
38,情况,0,qing,情
38,情况,1,kuang,况
39,出现,0,chu,出
39,出现,1,xian,现
40,一些,0,yi,一
40,一些,1,xie,些
41,北京,0,bei,北
41,北京,1,jing,京
42,开始,0,kai,开
42,开始,1,shi,始
43,主要,0,zhu,主
43,主要,1,yao,要
44,现在,0,xian,现
44,现在,1,zai,在
45,这些,0,zhe,这
45,这些,1,xie,些
46,管理,0,guan,管
46,管理,1,li,理
47,影响,0,ying,影
47,影响,1,xiang,响
48,需要,0,xu,需
48,需要,1,yao,要
49,但是,0,dan,但
49,但是,1,shi,是
50,人员,0,ren,人
50,人员,1,yuan,员
51,行业,0,hang,行
51,行业,1,ye,业
52,政策,0,zheng,政
52,政策,1,ce,策
53,同时,0,tong,同
53,同时,1,shi,时
54,什么,0,shen,什
54,什么,1,me,么
55,其中,0,qi,其
55,其中,1,zhong,中
56,方面,0,fang,方
56,方面,1,mian,面
57,对于,0,dui,对
57,对于,1,yu,于
58,国际,0,guo,国
58,国际,1,ji,际
59,相关,0,xiang,相
59,相关,1,guan,关
60,项目,0,xiang,项
60,项目,1,mu,目
61,显示,0,xian,显
61,显示,1,shi,示
62,这样,0,zhe,这
62,这样,1,yang,样
63,服务,0,fu,服
63,服务,1,wu,务
64,报道,0,bao,报
64,报道,1,dao,道
65,第一,0,di,第
65,第一,1,yi,一
66,成为,0,cheng,成
66,成为,1,wei,为
67,机构,0,ji,机
67,机构,1,gou,构
68,发现,0,fa,发
68,发现,1,xian,现
69,数据,0,shu,数
69,数据,1,ju,据
70,社会,0,she,社
70,社会,1,hui,会
71,以及,0,yi,以
71,以及,1,ji,及
72,资金,0,zi,资
72,资金,1,jin,金
73,发生,0,fa,发
73,发生,1,sheng,生
74,引用,0,yin,引
74,引用,1,yong,用
75,部门,0,bu,部
75,部门,1,men,门
76,信息,0,xin,信
76,信息,1,xi,息
77,要求,0,yao,要
77,要求,1,qiu,求
78,日本,0,ri,日
78,日本,1,ben,本
79,很多,0,hen,很
79,很多,1,duo,多
80,安全,0,an,安
80,安全,1,quan,全
81,由于,0,you,由
81,由于,1,yu,于
82,其他,0,qi,其
82,其他,1,ta,他
83,提供,0,ti,提
83,提供,1,gong,供
84,业务,0,ye,业
84,业务,1,wu,务
85,还是,0,hai,还
85,还是,1,shi,是
86,所以,0,suo,所
86,所以,1,yi,以
87,时候,0,shi,时
87,时候,1,hou,候
88,上市,0,shang,上
88,上市,1,shi,市
89,来自,0,lai,来
89,来自,1,zi,自
90,部分,0,bu,部
90,部分,1,fen,分
91,地区,0,di,地
91,地区,1,qu,区
92,研究,0,yan,研
92,研究,1,jiu,究
93,金融,0,jin,金
93,金融,1,rong,融
94,包括,0,bao,包
94,包括,1,kuo,括
95,调查,0,diao,调
95,调查,1,cha,查
96,证券,0,zheng,证
96,证券,1,quan,券
97,技术,0,ji,技
97,技术,1,shu,术
98,集团,0,ji,集
98,集团,1,tuan,团
99,去年,0,qu,去
99,去年,1,nian,年
100,重要,0,zhong,重
100,重要,1,yao,要
101,建设,0,jian,建
101,建设,1,she,设
102,上海,0,shang,上
102,上海,1,hai,海
103,不过,0,bu,不
103,不过,1,guo,过
104,作为,0,zuo,作
104,作为,1,wei,为
105,交易,0,jiao,交
105,交易,1,yi,易
106,应该,0,ying,应
106,应该,1,gai,该
107,城市,0,cheng,城
107,城市,1,shi,市
108,使用,0,shi,使
108,使用,1,yong,用
109,销售,0,xiao,销
109,销售,1,shou,售
110,超过,0,chao,超
110,超过,1,guo,过
111,世界,0,shi,世
111,世界,1,jie,界
112,国内,0,guo,国
112,国内,1,nei,内
113,根据,0,gen,根
113,根据,1,ju,据
114,中心,0,zhong,中
114,中心,1,xin,心
115,增加,0,zeng,增
115,增加,1,jia,加
116,媒体,0,mei,媒
116,媒体,1,ti,体
117,继续,0,ji,继
117,继续,1,xu,续
118,网络,0,wang,网
118,网络,1,luo,络
119,生活,0,sheng,生
119,生活,1,huo,活
120,方式,0,fang,方
120,方式,1,shi,式
121,收入,0,shou,收
121,收入,1,ru,入
122,未来,0,wei,未
122,未来,1,lai,来
123,知道,0,zhi,知
123,知道,1,dao,道
124,存在,0,cun,存
124,存在,1,zai,在
125,了解,0,liao,了
125,了解,1,jie,解
126,消息,0,xiao,消
126,消息,1,xi,息
127,风险,0,feng,风
127,风险,1,xian,险
128,比较,0,bi,比
128,比较,1,jiao,较
129,活动,0,huo,活
129,活动,1,dong,动
130,一定,0,yi,一
130,一定,1,ding,定
131,之后,0,zhi,之
131,之后,1,hou,后
132,计划,0,ji,计
132,计划,1,hua,划
133,这种,0,zhe,这
133,这种,1,zhong,种
134,非常,0,fei,非
134,非常,1,chang,常
135,投资者,0,tou,投
135,投资者,1,zi,资
135,投资者,2,zhe,者
136,发布,0,fa,发
136,发布,1,bu,布
137,改革,0,gai,改
137,改革,1,ge,革
138,实现,0,shi,实
138,实现,1,xian,现
139,因此,0,yin,因
139,因此,1,ci,此
140,达到,0,da,达
140,达到,1,dao,到
141,以来,0,yi,以
141,以来,1,lai,来
142,网站,0,wang,网
142,网站,1,zhan,站
143,一直,0,yi,一
143,一直,1,zhi,直
144,人士,0,ren,人
144,人士,1,shi,士
145,生产,0,sheng,生
145,生产,1,chan,产
146,全国,0,quan,全
146,全国,1,guo,国
147,地方,0,di,地
147,地方,1,fang,方
148,关系,0,guan,关
148,关系,1,xi,系
149,有关,0,you,有
149,有关,1,guan,关
150,虽然,0,sui,虽
150,虽然,1,ran,然
151,希望,0,xi,希
151,希望,1,wang,望
152,合作,0,he,合
152,合作,1,zuo,作
153,规定,0,gui,规
153,规定,1,ding,定
154,上涨,0,shang,上
154,上涨,1,zhang,涨
155,系统,0,xi,系
155,系统,1,tong,统
156,全球,0,quan,全
156,全球,1,qiu,球
157,或者,0,huo,或
157,或者,1,zhe,者
158,组织,0,zu,组
158,组织,1,zhi,织
159,进入,0,jin,进
159,进入,1,ru,入
160,用户,0,yong,用
160,用户,1,hu,户
161,原因,0,yuan,原
161,原因,1,yin,因
162,不同,0,bu,不
162,不同,1,tong,同
163,报告,0,bao,报
163,报告,1,gao,告
164,标准,0,biao,标
164,标准,1,zhun,准
165,第二,0,di,第
165,第二,1,er,二
166,以上,0,yi,以
166,以上,1,shang,上
167,看到,0,kan,看
167,看到,1,dao,到
168,而且,0,er,而
168,而且,1,qie,且
169,能力,0,neng,能
169,能力,1,li,力
170,介绍,0,jie,介
170,介绍,1,shao,绍
171,选择,0,xuan,选
171,选择,1,ze,择
172,觉得,0,jue,觉
172,觉得,1,de,得
173,关注,0,guan,关
173,关注,1,zhu,注
174,那么,0,na,那
174,那么,1,me,么
175,造成,0,zao,造
175,造成,1,cheng,成
176,获得,0,huo,获
176,获得,1,de,得
177,导致,0,dao,导
177,导致,1,zhi,致
178,接受,0,jie,接
178,接受,1,shou,受
179,产业,0,chan,产
179,产业,1,ye,业
180,环境,0,huan,环
180,环境,1,jing,境
181,资产,0,zi,资
181,资产,1,chan,产
182,所有,0,suo,所
182,所有,1,you,有
183,提高,0,ti,提
183,提高,1,gao,高
184,行为,0,xing,行
184,行为,1,wei,为
185,指出,0,zhi,指
185,指出,1,chu,出
186,事件,0,shi,事
186,事件,1,jian,件
187,支持,0,zhi,支
187,支持,1,chi,持
188,持续,0,chi,持
188,持续,1,xu,续
189,分析,0,fen,分
189,分析,1,xi,析
190,规模,0,gui,规
190,规模,1,mo,模
191,手机,0,shou,手
191,手机,1,ji,机
192,医院,0,yi,医
192,医院,1,yuan,院
193,为了,0,wei,为
193,为了,1,le,了
194,下降,0,xia,下
194,下降,1,jiang,降
195,左右,0,zuo,左
195,左右,1,you,右
196,甚至,0,shen,甚
196,甚至,1,zhi,至
197,指数,0,zhi,指
197,指数,1,shu,数
198,专家,0,zhuan,专
198,专家,1,jia,家
199,公布,0,gong,公
199,公布,1,bu,布
200,还有,0,hai,还
200,还有,1,you,有
201,结果,0,jie,结
201,结果,1,guo,果
202,过程,0,guo,过
202,过程,1,cheng,程
203,调整,0,tiao,调
203,调整,1,zheng,整
204,告诉,0,gao,告
204,告诉,1,su,诉
205,进一步,0,jin,进
205,进一步,1,yi,一
205,进一步,2,bu,步
206,是否,0,shi,是
206,是否,1,fou,否
207,同比,0,tong,同
207,同比,1,bi,比
208,需求,0,xu,需
208,需求,1,qiu,求
209,解决,0,jie,解
209,解决,1,jue,决
210,能够,0,neng,能
210,能够,1,gou,够
211,水平,0,shui,水
211,水平,1,ping,平
212,成本,0,cheng,成
212,成本,1,ben,本
213,基本,0,ji,基
213,基本,1,ben,本
214,直接,0,zhi,直
214,直接,1,jie,接
215,个人,0,ge,个
215,个人,1,ren,人
216,孩子,0,hai,孩
216,孩子,1,zi,子
217,分别,0,fen,分
217,分别,1,bie,别
218,月份,0,yue,月
218,月份,1,fen,份
219,品牌,0,pin,品
219,品牌,1,pai,牌
220,文化,0,wen,文
220,文化,1,hua,化
221,明显,0,ming,明
221,明显,1,xian,显
222,正在,0,zheng,正
222,正在,1,zai,在
223,食品,0,shi,食
223,食品,1,pin,品
224,新闻,0,xin,新
224,新闻,1,wen,闻
225,如何,0,ru,如
225,如何,1,he,何
226,提出,0,ti,提
226,提出,1,chu,出
227,其实,0,qi,其
227,其实,1,shi,实
228,人民币,0,ren,人
228,人民币,1,min,民
228,人民币,2,bi,币
229,我国,0,wo,我
229,我国,1,guo,国
230,大家,0,da,大
230,大家,1,jia,家
231,一样,0,yi,一
231,一样,1,yang,样
232,实施,0,shi,实
232,实施,1,shi,施
233,责任,0,ze,责
233,责任,1,ren,任
234,科技,0,ke,科
234,科技,1,ji,技
235,预期,0,yu,预
235,预期,1,qi,期
236,预计,0,yu,预
236,预计,1,ji,计
237,消费者,0,xiao,消
237,消费者,1,fei,费
237,消费者,2,zhe,者
238,特别,0,te,特
238,特别,1,bie,别
239,资源,0,zi,资
239,资源,1,yuan,源
240,决定,0,jue,决
240,决定,1,ding,定
241,保险,0,bao,保
241,保险,1,xian,险
242,内容,0,nei,内
242,内容,1,rong,容
243,昨日,0,zuo,昨
243,昨日,1,ri,日
244,出来,0,chu,出
244,出来,1,lai,来
245,必须,0,bi,必
245,必须,1,xu,须
246,当地,0,dang,当
246,当地,1,di,地
247,完成,0,wan,完
247,完成,1,cheng,成
248,股份,0,gu,股
248,股份,1,fen,份
249,平台,0,ping,平
249,平台,1,tai,台
250,业绩,0,ye,业
250,业绩,1,ji,绩
251,按照,0,an,按
251,按照,1,zhao,照
252,当时,0,dang,当
252,当时,1,shi,时
253,贷款,0,dai,贷
253,贷款,1,kuan,款
254,之前,0,zhi,之
254,之前,1,qian,前
255,制度,0,zhi,制
255,制度,1,du,度
256,不断,0,bu,不
256,不断,1,duan,断
257,严重,0,yan,严
257,严重,1,zhong,重
258,得到,0,de,得
258,得到,1,dao,到
259,领域,0,ling,领
259,领域,1,yu,域
260,关于,0,guan,关
260,关于,1,yu,于
261,人民,0,ren,人
261,人民,1,min,民
262,消费,0,xiao,消
262,消费,1,fei,费
263,作用,0,zuo,作
263,作用,1,yong,用
264,建议,0,jian,建
264,建议,1,yi,议
265,任何,0,ren,任
265,任何,1,he,何
266,大学,0,da,大
266,大学,1,xue,学
267,股票,0,gu,股
267,股票,1,piao,票
268,会议,0,hui,会
268,会议,1,yi,议
269,此外,0,ci,此
269,此外,1,wai,外
270,带来,0,dai,带
270,带来,1,lai,来
271,单位,0,dan,单
271,单位,1,wei,位
272,有限公司,0,you,有
272,有限公司,1,xian,限
272,有限公司,2,gong,公
272,有限公司,3,si,司
273,之间,0,zhi,之
273,之间,1,jian,间
274,最后,0,zui,最
274,最后,1,hou,后
275,先生,0,xian,先
275,先生,1,sheng,生
276,无法,0,wu,无
276,无法,1,fa,法
277,历史,0,li,历
277,历史,1,shi,史
278,基础,0,ji,基
278,基础,1,chu,础
279,资本,0,zi,资
279,资本,1,ben,本
280,购买,0,gou,购
280,购买,1,mai,买
281,怎么,0,zen,怎
281,怎么,1,me,么
282,考虑,0,kao,考
282,考虑,1,lv,虑
283,汽车,0,qi,汽
283,汽车,1,che,车
284,现场,0,xian,现
284,现场,1,chang,场
285,一般,0,yi,一
285,一般,1,ban,般
286,表现,0,biao,表
286,表现,1,xian,现
287,措施,0,cuo,措
287,措施,1,shi,施
288,控制,0,kong,控
288,控制,1,zhi,制
289,目标,0,mu,目
289,目标,1,biao,标
290,客户,0,ke,客
290,客户,1,hu,户
291,健康,0,jian,健
291,健康,1,kang,康
292,互联网,0,hu,互
292,互联网,1,lian,联
292,互联网,2,wang,网
293,压力,0,ya,压
293,压力,1,li,力
294,来说,0,lai,来
294,来说,1,shuo,说
295,另外,0,ling,另
295,另外,1,wai,外
296,英国,0,ying,英
296,英国,1,guo,国
297,经营,0,jing,经
297,经营,1,ying,营
298,随着,0,sui,随
298,随着,1,zhe,着
299,代表,0,dai,代
299,代表,1,biao,表
300,完全,0,wan,完
300,完全,1,quan,全
301,产生,0,chan,产
301,产生,1,sheng,生
302,模式,0,mo,模
302,模式,1,shi,式
303,开发,0,kai,开
303,开发,1,fa,发
304,公开,0,gong,公
304,公开,1,kai,开
305,不少,0,bu,不
305,不少,1,shao,少
306,发行,0,fa,发
306,发行,1,xing,行
307,起来,0,qi,起
307,起来,1,lai,来
308,然后,0,ran,然
308,然后,1,hou,后
309,香港,0,xiang,香
309,香港,1,gang,港
310,具有,0,ju,具
310,具有,1,you,有
311,收益,0,shou,收
311,收益,1,yi,益
312,形成,0,xing,形
312,形成,1,cheng,成
313,过去,0,guo,过
313,过去,1,qu,去
314,房地产,0,fang,房
314,房地产,1,di,地
314,房地产,2,chan,产
315,就是,0,jiu,就
315,就是,1,shi,是
316,处理,0,chu,处
316,处理,1,li,理
317,电子,0,dian,电
317,电子,1,zi,子
318,小时,0,xiao,小
318,小时,1,shi,时
319,总统,0,zong,总
319,总统,1,tong,统
320,第三,0,di,第
320,第三,1,san,三
321,价值,0,jia,价
321,价值,1,zhi,值
322,保持,0,bao,保
322,保持,1,chi,持
323,推出,0,tui,推
323,推出,1,chu,出
324,截至,0,jie,截
324,截至,1,zhi,至
325,减少,0,jian,减
325,减少,1,shao,少
326,参与,0,can,参
326,参与,1,yu,与
327,建立,0,jian,建
327,建立,1,li,立
328,方案,0,fang,方
328,方案,1,an,案
329,今天,0,jin,今
329,今天,1,tian,天
330,成功,0,cheng,成
330,成功,1,gong,功
331,负责人,0,fu,负
331,负责人,1,ze,责
331,负责人,2,ren,人
332,学生,0,xue,学
332,学生,1,sheng,生
333,货币,0,huo,货
333,货币,1,bi,币
334,此前,0,ci,此
334,此前,1,qian,前
335,受到,0,shou,受
335,受到,1,dao,到
336,喜欢,0,xi,喜
336,喜欢,1,huan,欢
337,期间,0,qi,期
337,期间,1,jian,间
338,宣布,0,xuan,宣
338,宣布,1,bu,布
339,季度,0,ji,季
339,季度,1,du,度
340,平均,0,ping,平
340,平均,1,jun,均
341,质量,0,zhi,质
341,质量,1,liang,量
342,支付,0,zhi,支
342,支付,1,fu,付
343,加强,0,jia,加
343,加强,1,qiang,强
344,条件,0,tiao,条
344,条件,1,jian,件
345,商业,0,shang,商
345,商业,1,ye,业
346,最终,0,zui,最
346,最终,1,zhong,终
347,融资,0,rong,融
347,融资,1,zi,资
348,保护,0,bao,保
348,保护,1,hu,护
349,监管,0,jian,监
349,监管,1,guan,管
350,因素,0,yin,因
350,因素,1,su,素
351,股东,0,gu,股
351,股东,1,dong,东
352,稳定,0,wen,稳
352,稳定,1,ding,定
353,东西,0,dong,东
353,东西,1,xi,西
354,除了,0,chu,除
354,除了,1,le,了
355,下跌,0,xia,下
355,下跌,1,die,跌
356,交通,0,jiao,交
356,交通,1,tong,通
357,法律,0,fa,法
357,法律,1,lv,律
358,比如,0,bi,比
358,比如,1,ru,如
359,深圳,0,shen,深
359,深圳,1,zhen,圳
360,具体,0,ju,具
360,具体,1,ti,体
361,教育,0,jiao,教
361,教育,1,yu,育
362,容易,0,rong,容
362,容易,1,yi,易
363,透露,0,tou,透
363,透露,1,lu,露
364,土地,0,tu,土
364,土地,1,di,地
365,感觉,0,gan,感
365,感觉,1,jue,觉
366,新华,0,xin,新
366,新华,1,hua,华
367,大量,0,da,大
367,大量,1,liang,量
368,长期,0,chang,长
368,长期,1,qi,期
369,积极,0,ji,积
369,积极,1,ji,极
370,利率,0,li,利
370,利率,1,lv,率
371,统计,0,tong,统
371,统计,1,ji,计
372,创新,0,chuang,创
372,创新,1,xin,新
373,范围,0,fan,范
373,范围,1,wei,围
374,广州,0,guang,广
374,广州,1,zhou,州
375,采访,0,cai,采
375,采访,1,fang,访
376,举行,0,ju,举
376,举行,1,xing,行
377,战略,0,zhan,战
377,战略,1,lve,略
378,重点,0,zhong,重
378,重点,1,dian,点
379,采取,0,cai,采
379,采取,1,qu,取
380,变化,0,bian,变
380,变化,1,hua,化
381,机会,0,ji,机
381,机会,1,hui,会
382,这么,0,zhe,这
382,这么,1,me,么
383,财政,0,cai,财
383,财政,1,zheng,政
384,经过,0,jing,经
384,经过,1,guo,过
385,欧洲,0,ou,欧
385,欧洲,1,zhou,洲
386,设计,0,she,设
386,设计,1,ji,计
387,利用,0,li,利
387,利用,1,yong,用
388,昨天,0,zuo,昨
388,昨天,1,tian,天
389,传统,0,chuan,传
389,传统,1,tong,统
390,一起,0,yi,一
390,一起,1,qi,起
391,危机,0,wei,危
391,危机,1,ji,机
392,最高,0,zui,最
392,最高,1,gao,高
393,上述,0,shang,上
393,上述,1,shu,述
394,家庭,0,jia,家
394,家庭,1,ting,庭
395,准备,0,zhun,准
395,准备,1,bei,备
396,一下,0,yi,一
396,一下,1,xia,下
397,警方,0,jing,警
397,警方,1,fang,方
398,事故,0,shi,事
398,事故,1,gu,故
399,本报,0,ben,本
399,本报,1,bao,报
400,中央,0,zhong,中
400,中央,1,yang,央
401,工程,0,gong,工
401,工程,1,cheng,程
402,游戏,0,you,游
402,游戏,1,xi,戏
403,注意,0,zhu,注
403,注意,1,yi,意
404,保障,0,bao,保
404,保障,1,zhang,障
405,广告,0,guang,广
405,广告,1,gao,告
406,针对,0,zhen,针
406,针对,1,dui,对
407,明确,0,ming,明
407,明确,1,que,确
408,全部,0,quan,全
408,全部,1,bu,部
409,理财,0,li,理
409,理财,1,cai,财
410,电话,0,dian,电
410,电话,1,hua,话
411,俄罗斯,0,e,俄
411,俄罗斯,1,luo,罗
411,俄罗斯,2,si,斯
412,为什么,0,wei,为
412,为什么,1,shen,什
412,为什么,2,me,么
413,黄金,0,huang,黄
413,黄金,1,jin,金
414,比例,0,bi,比
414,比例,1,li,例
415,正式,0,zheng,正
415,正式,1,shi,式
416,移动,0,yi,移
416,移动,1,dong,动
417,居民,0,ju,居
417,居民,1,min,民
418,之一,0,zhi,之
418,之一,1,yi,一
419,人们,0,ren,人
419,人们,1,men,们
420,拥有,0,yong,拥
420,拥有,1,you,有
421,专业,0,zhuan,专
421,专业,1,ye,业
422,面临,0,mian,面
422,面临,1,lin,临
423,程度,0,cheng,程
423,程度,1,du,度
424,成立,0,cheng,成
424,成立,1,li,立
425,提升,0,ti,提
425,提升,1,sheng,升
426,功能,0,gong,功
426,功能,1,neng,能
427,申请,0,shen,申
427,申请,1,qing,请
428,近期,0,jin,近
428,近期,1,qi,期
429,事情,0,shi,事
429,事情,1,qing,情
430,上升,0,shang,上
430,上升,1,sheng,升
431,有效,0,you,有
431,有效,1,xiao,效
432,实际,0,shi,实
432,实际,1,ji,际
433,行动,0,xing,行
433,行动,1,dong,动
434,此次,0,ci,此
434,此次,1,ci,次
435,尽管,0,jin,尽
435,尽管,1,guan,管
436,收购,0,shou,收
436,收购,1,gou,购
437,竞争,0,jing,竞
437,竞争,1,zheng,争
438,韩国,0,han,韩
438,韩国,1,guo,国
439,参加,0,can,参
439,参加,1,jia,加
440,委员会,0,wei,委
440,委员会,1,yuan,员
440,委员会,2,hui,会
441,大幅,0,da,大
441,大幅,1,fu,幅
442,死亡,0,si,死
442,死亡,1,wang,亡
443,空间,0,kong,空
443,空间,1,jian,间
444,联系,0,lian,联
444,联系,1,xi,系
445,微博,0,wei,微
445,微博,1,bo,博
446,能源,0,neng,能
446,能源,1,yuan,源
447,旅游,0,lv,旅
447,旅游,1,you,游
448,意见,0,yi,意
448,意见,1,jian,见
449,不仅,0,bu,不
449,不仅,1,jin,仅
450,朋友,0,peng,朋
450,朋友,1,you,友
451,苹果,0,ping,苹
451,苹果,1,guo,果
452,回应,0,hui,回
452,回应,1,ying,应
453,数量,0,shu,数
453,数量,1,liang,量
454,帮助,0,bang,帮
454,帮助,1,zhu,助
455,利润,0,li,利
455,利润,1,run,润
456,学校,0,xue,学
456,学校,1,xiao,校
457,相对,0,xiang,相
457,相对,1,dui,对
458,下午,0,xia,下
458,下午,1,wu,午
459,执行,0,zhi,执
459,执行,1,xing,行
460,正常,0,zheng,正
460,正常,1,chang,常
461,开展,0,kai,开
461,开展,1,zhan,展
462,这里,0,zhe,这
462,这里,1,li,里
463,机制,0,ji,机
463,机制,1,zhi,制
464,规划,0,gui,规
464,规划,1,hua,划
465,商品,0,shang,商
465,商品,1,pin,品
466,涨幅,0,zhang,涨
466,涨幅,1,fu,幅
467,利益,0,li,利
467,利益,1,yi,益
468,办法,0,ban,办
468,办法,1,fa,法
469,公告,0,gong,公
469,公告,1,gao,告
470,医疗,0,yi,医
470,医疗,1,liao,疗
471,费用,0,fei,费
471,费用,1,yong,用
472,整个,0,zheng,整
472,整个,1,ge,个
473,结构,0,jie,结
473,结构,1,gou,构
474,最近,0,zui,最
474,最近,1,jin,近
475,协议,0,xie,协
475,协议,1,yi,议
476,双方,0,shuang,双
476,双方,1,fang,方
477,应用,0,ying,应
477,应用,1,yong,用
478,方法,0,fang,方
478,方法,1,fa,法
479,设备,0,she,设
479,设备,1,bei,备
480,连续,0,lian,连
480,连续,1,xu,续
481,推动,0,tui,推
481,推动,1,dong,动
482,以后,0,yi,以
482,以后,1,hou,后
483,许多,0,xu,许
483,许多,1,duo,多
484,整体,0,zheng,整
484,整体,1,ti,体
485,改变,0,gai,改
485,改变,1,bian,变
486,员工,0,yuan,员
486,员工,1,gong,工
487,科学,0,ke,科
487,科学,1,xue,学
488,推进,0,tui,推
488,推进,1,jin,进
489,真正,0,zhen,真
489,真正,1,zheng,正
490,再次,0,zai,再
490,再次,1,ci,次
491,只是,0,zhi,只
491,只是,1,shi,是
492,各种,0,ge,各
492,各种,1,zhong,种
493,降低,0,jiang,降
493,降低,1,di,低
494,有些,0,you,有
494,有些,1,xie,些
495,央行,0,yang,央
495,央行,1,hang,行
496,更加,0,geng,更
496,更加,1,jia,加
497,处于,0,chu,处
497,处于,1,yu,于
498,近日,0,jin,近
498,近日,1,ri,日
499,越来越,0,yue,越
499,越来越,1,lai,来
499,越来越,2,yue,越
500,板块,0,ban,板
500,板块,1,kuai,块
501,全面,0,quan,全
501,全面,1,mian,面
502,如此,0,ru,如
502,如此,1,ci,此
503,短期,0,duan,短
503,短期,1,qi,期
504,女性,0,nv,女
504,女性,1,xing,性
505,领导,0,ling,领
505,领导,1,dao,导
506,政治,0,zheng,政
506,政治,1,zhi,治
507,综合,0,zong,综
507,综合,1,he,合
508,附近,0,fu,附
508,附近,1,jin,近
509,朝鲜,0,chao,朝
509,朝鲜,1,xian,鲜
510,以下,0,yi,以
510,以下,1,xia,下
511,不要,0,bu,不
511,不要,1,yao,要
512,阶段,0,jie,阶
512,阶段,1,duan,段
513,当然,0,dang,当
513,当然,1,ran,然
514,负责,0,fu,负
514,负责,1,ze,责
515,贸易,0,mao,贸
515,贸易,1,yi,易
516,现象,0,xian,现
516,现象,1,xiang,象
517,当天,0,dang,当
517,当天,1,tian,天
518,那些,0,na,那
518,那些,1,xie,些
519,股价,0,gu,股
519,股价,1,jia,价
520,优势,0,you,优
520,优势,1,shi,势
521,相比,0,xiang,相
521,相比,1,bi,比
522,股市,0,gu,股
522,股市,1,shi,市
523,当前,0,dang,当
523,当前,1,qian,前
524,共同,0,gong,共
524,共同,1,tong,同
525,扩大,0,kuo,扩
525,扩大,1,da,大
526,工业,0,gong,工
526,工业,1,ye,业
527,网友,0,wang,网
527,网友,1,you,友
528,体系,0,ti,体
528,体系,1,xi,系
529,联合,0,lian,联
529,联合,1,he,合
530,期货,0,qi,期
530,期货,1,huo,货
531,只要,0,zhi,只
531,只要,1,yao,要
532,住房,0,zhu,住
532,住房,1,fang,房
533,区域,0,qu,区
533,区域,1,yu,域
534,同样,0,tong,同
534,同样,1,yang,样
535,增速,0,zeng,增
535,增速,1,su,速
536,每天,0,mei,每
536,每天,1,tian,天
537,身体,0,shen,身
537,身体,1,ti,体
538,法院,0,fa,法
538,法院,1,yuan,院
539,视频,0,shi,视
539,视频,1,pin,频
540,确定,0,que,确
540,确定,1,ding,定
541,网上,0,wang,网
541,网上,1,shang,上
542,股权,0,gu,股
542,股权,1,quan,权
543,然而,0,ran,然
543,然而,1,er,而
544,重大,0,zhong,重
544,重大,1,da,大
545,一切,0,yi,一
545,一切,1,qie,切
546,涉及,0,she,涉
546,涉及,1,ji,及
547,出口,0,chu,出
547,出口,1,kou,口
548,仍然,0,reng,仍
548,仍然,1,ran,然
549,尤其,0,you,尤
549,尤其,1,qi,其
550,至少,0,zhi,至
550,至少,1,shao,少
551,属于,0,shu,属
551,属于,1,yu,于
552,引起,0,yin,引
552,引起,1,qi,起
553,资料,0,zi,资
553,资料,1,liao,料
554,上午,0,shang,上
554,上午,1,wu,午
555,那个,0,na,那
555,那个,1,ge,个
556,学习,0,xue,学
556,学习,1,xi,习
557,官员,0,guan,官
557,官员,1,yuan,员
558,效果,0,xiao,效
558,效果,1,guo,果
559,有所,0,you,有
559,有所,1,suo,所
560,解释,0,jie,解
560,解释,1,shi,释
561,法国,0,fa,法
561,法国,1,guo,国
562,促进,0,cu,促
562,促进,1,jin,进
563,分钟,0,fen,分
563,分钟,1,zhong,钟
564,趋势,0,qu,趋
564,趋势,1,shi,势
565,印度,0,yin,印
565,印度,1,du,度
566,操作,0,cao,操
566,操作,1,zuo,作
567,真的,0,zhen,真
567,真的,1,de,的
568,盈利,0,ying,盈
568,盈利,1,li,利
569,结束,0,jie,结
569,结束,1,shu,束
570,你们,0,ni,你
570,你们,1,men,们
571,奥巴马,0,ao,奥
571,奥巴马,1,ba,巴
571,奥巴马,2,ma,马
572,并且,0,bing,并
572,并且,1,qie,且
573,几乎,0,ji,几
573,几乎,1,hu,乎
574,投入,0,tou,投
574,投入,1,ru,入
575,经验,0,jing,经
575,经验,1,yan,验
576,强调,0,qiang,强
576,强调,1,diao,调
577,叙利亚,0,xu,叙
577,叙利亚,1,li,利
577,叙利亚,2,ya,亚
578,时代,0,shi,时
578,时代,1,dai,代
579,运营,0,yun,运
579,运营,1,ying,营
580,腾讯,0,teng,腾
580,腾讯,1,xun,讯
581,市民,0,shi,市
581,市民,1,min,民
582,检查,0,jian,检
582,检查,1,cha,查
583,关键,0,guan,关
583,关键,1,jian,键
584,依然,0,yi,依
584,依然,1,ran,然
585,引发,0,yin,引
585,引发,1,fa,发
586,集中,0,ji,集
586,集中,1,zhong,中
587,犯罪,0,fan,犯
587,犯罪,1,zui,罪
588,出台,0,chu,出
588,出台,1,tai,台
589,同期,0,tong,同
589,同期,1,qi,期
590,说明,0,shuo,说
590,说明,1,ming,明
591,下滑,0,xia,下
591,下滑,1,hua,滑
592,系列,0,xi,系
592,系列,1,lie,列
593,主任,0,zhu,主
593,主任,1,ren,任
594,符合,0,fu,符
594,符合,1,he,合
595,随后,0,sui,随
595,随后,1,hou,后
596,德国,0,de,德
596,德国,1,guo,国
597,渠道,0,qu,渠
597,渠道,1,dao,道
598,方向,0,fang,方
598,方向,1,xiang,向
599,首先,0,shou,首
599,首先,1,xian,先
600,努力,0,nu,努
600,努力,1,li,力
601,取得,0,qu,取
601,取得,1,de,得
602,持有,0,chi,持
602,持有,1,you,有
603,自然,0,zi,自
603,自然,1,ran,然
604,经理,0,jing,经
604,经理,1,li,理
605,状态,0,zhuang,状
605,状态,1,tai,态
606,速度,0,su,速
606,速度,1,du,度
607,精神,0,jing,精
607,精神,1,shen,神
608,债券,0,zhai,债
608,债券,1,quan,券
609,找到,0,zhao,找
609,找到,1,dao,到
610,医生,0,yi,医
610,医生,1,sheng,生
611,完善,0,wan,完
611,完善,1,shan,善
612,简单,0,jian,简
612,简单,1,dan,单
613,日前,0,ri,日
613,日前,1,qian,前
614,公共,0,gong,公
614,公共,1,gong,共
615,启动,0,qi,启
615,启动,1,dong,动
616,欧盟,0,ou,欧
616,欧盟,1,meng,盟
617,内部,0,nei,内
617,内部,1,bu,部
618,治疗,0,zhi,治
618,治疗,1,liao,疗
619,巨大,0,ju,巨
619,巨大,1,da,大
620,发表,0,fa,发
620,发表,1,biao,表
621,维持,0,wei,维
621,维持,1,chi,持
622,意义,0,yi,意
622,意义,1,yi,义
623,金额,0,jin,金
623,金额,1,e,额
624,肯定,0,ken,肯
624,肯定,1,ding,定
625,老师,0,lao,老
625,老师,1,shi,师
626,根本,0,gen,根
626,根本,1,ben,本
627,案件,0,an,案
627,案件,1,jian,件
628,多少,0,duo,多
628,多少,1,shao,少
629,快速,0,kuai,快
629,快速,1,su,速
630,核心,0,he,核
630,核心,1,xin,心
631,低于,0,di,低
631,低于,1,yu,于
632,行政,0,xing,行
632,行政,1,zheng,政
633,石油,0,shi,石
633,石油,1,you,油
634,铁路,0,tie,铁
634,铁路,1,lu,路
635,加大,0,jia,加
635,加大,1,da,大
636,反弹,0,fan,反
636,反弹,1,dan,弹
637,而是,0,er,而
637,而是,1,shi,是
638,状况,0,zhuang,状
638,状况,1,kuang,况
639,分析师,0,fen,分
639,分析师,1,xi,析
639,分析师,2,shi,师
640,相当,0,xiang,相
640,相当,1,dang,当
641,最新,0,zui,最
641,最新,1,xin,新
642,改善,0,gai,改
642,改善,1,shan,善
643,确实,0,que,确
643,确实,1,shi,实
644,心理,0,xin,心
644,心理,1,li,理
645,人口,0,ren,人
645,人口,1,kou,口
646,伊朗,0,yi,伊
646,伊朗,1,lang,朗
647,开放,0,kai,开
647,开放,1,fang,放
648,通知,0,tong,通
648,通知,1,zhi,知
649,每年,0,mei,每
649,每年,1,nian,年
650,软件,0,ruan,软
650,软件,1,jian,件
651,亏损,0,kui,亏
651,亏损,1,sun,损
652,世纪,0,shi,世
652,世纪,1,ji,纪
653,及时,0,ji,及
653,及时,1,shi,时
654,日报,0,ri,日
654,日报,1,bao,报
655,里面,0,li,里
655,里面,1,mian,面
656,保证,0,bao,保
656,保证,1,zheng,证
657,面积,0,mian,面
657,面积,1,ji,积
658,普通,0,pu,普
658,普通,1,tong,通
659,协会,0,xie,协
659,协会,1,hui,会
660,后来,0,hou,后
660,后来,1,lai,来
661,谷歌,0,gu,谷
661,谷歌,1,ge,歌
662,平方米,0,ping,平
662,平方米,1,fang,方
662,平方米,2,mi,米
663,加入,0,jia,加
663,加入,1,ru,入
664,普遍,0,pu,普
664,普遍,1,bian,遍
665,坚持,0,jian,坚
665,坚持,1,chi,持
666,合同,0,he,合
666,合同,1,tong,同
667,电视,0,dian,电
667,电视,1,shi,视
668,电脑,0,dian,电
668,电脑,1,nao,脑
669,地产,0,di,地
669,地产,1,chan,产
670,食物,0,shi,食
670,食物,1,wu,物
671,以前,0,yi,以
671,以前,1,qian,前
672,污染,0,wu,污
672,污染,1,ran,染
673,房价,0,fang,房
673,房价,1,jia,价
674,面对,0,mian,面
674,面对,1,dui,对
675,作品,0,zuo,作
675,作品,1,pin,品
676,公里,0,gong,公
676,公里,1,li,里
677,披露,0,pi,披
677,披露,1,lu,露
678,主席,0,zhu,主
678,主席,1,xi,席
679,召开,0,zhao,召
679,召开,1,kai,开
680,经常,0,jing,经
680,经常,1,chang,常
681,大型,0,da,大
681,大型,1,xing,型
682,航空,0,hang,航
682,航空,1,kong,空
683,上半年,0,shang,上
683,上半年,1,ban,半
683,上半年,2,nian,年
684,债务,0,zhai,债
684,债务,1,wu,务
685,份额,0,fen,份
685,份额,1,e,额
686,只能,0,zhi,只
686,只能,1,neng,能
687,飞机,0,fei,飞
687,飞机,1,ji,机
688,重新,0,chong,重
688,重新,1,xin,新
689,海外,0,hai,海
689,海外,1,wai,外
690,损失,0,sun,损
690,损失,1,shi,失
691,设施,0,she,设
691,设施,1,shi,施
692,讨论,0,tao,讨
692,讨论,1,lun,论
693,位于,0,wei,位
693,位于,1,yu,于
694,建筑,0,jian,建
694,建筑,1,zhu,筑
695,严格,0,yan,严
695,严格,1,ge,格
696,监督,0,jian,监
696,监督,1,du,督
697,下来,0,xia,下
697,下来,1,lai,来
698,恢复,0,hui,恢
698,恢复,1,fu,复
699,反映,0,fan,反
699,反映,1,ying,映
700,年度,0,nian,年
700,年度,1,du,度
701,信托,0,xin,信
701,信托,1,tuo,托
702,女士,0,nv,女
702,女士,1,shi,士
703,迅速,0,xun,迅
703,迅速,1,su,速
704,运行,0,yun,运
704,运行,1,xing,行
705,值得,0,zhi,值
705,值得,1,de,得
706,时报,0,shi,时
706,时报,1,bao,报
707,患者,0,huan,患
707,患者,1,zhe,者
708,类似,0,lei,类
708,类似,1,si,似
709,男人,0,nan,男
709,男人,1,ren,人
710,有的,0,you,有
710,有的,1,de,的
711,机关,0,ji,机
711,机关,1,guan,关
712,就业,0,jiu,就
712,就业,1,ye,业
713,净利润,0,jing,净
713,净利润,1,li,利
713,净利润,2,run,润
714,国务院,0,guo,国
714,国务院,1,wu,务
714,国务院,2,yuan,院
715,加快,0,jia,加
715,加快,1,kuai,快
716,力量,0,li,力
716,力量,1,liang,量
717,任务,0,ren,任
717,任务,1,wu,务
718,而言,0,er,而
718,而言,1,yan,言
719,证明,0,zheng,证
719,证明,1,ming,明
720,军事,0,jun,军
720,军事,1,shi,事
721,合理,0,he,合
721,合理,1,li,理
722,难以,0,nan,难
722,难以,1,yi,以
723,相信,0,xiang,相
723,相信,1,xin,信
724,证监会,0,zheng,证
724,证监会,1,jian,监
724,证监会,2,hui,会
725,年底,0,nian,年
725,年底,1,di,底
726,不足,0,bu,不
726,不足,1,zu,足
727,群众,0,qun,群
727,群众,1,zhong,众
728,运动,0,yun,运
728,运动,1,dong,动
729,有限,0,you,有
729,有限,1,xian,限
730,经历,0,jing,经
730,经历,1,li,历
731,理解,0,li,理
731,理解,1,jie,解
732,指标,0,zhi,指
732,指标,1,biao,标
733,重庆,0,chong,重
733,重庆,1,qing,庆
734,成交,0,cheng,成
734,成交,1,jiao,交
735,台湾,0,tai,台
735,台湾,1,wan,湾
736,限制,0,xian,限
736,限制,1,zhi,制
737,实际上,0,shi,实
737,实际上,1,ji,际
737,实际上,2,shang,上
738,生命,0,sheng,生
738,生命,1,ming,命
739,材料,0,cai,材
739,材料,1,liao,料
740,游客,0,you,游
740,游客,1,ke,客
741,所谓,0,suo,所
741,所谓,1,wei,谓
742,广东,0,guang,广
742,广东,1,dong,东
743,即使,0,ji,即
743,即使,1,shi,使
744,刺激,0,ci,刺
744,刺激,1,ji,激
745,力度,0,li,力
745,力度,1,du,度
746,程序,0,cheng,程
746,程序,1,xu,序
747,进口,0,jin,进
747,进口,1,kou,口
748,商务,0,shang,商
748,商务,1,wu,务
749,基地,0,ji,基
749,基地,1,di,地
750,电影,0,dian,电
750,电影,1,ying,影
751,新网,0,xin,新
751,新网,1,wang,网
752,使得,0,shi,使
752,使得,1,de,得
753,安排,0,an,安
753,安排,1,pai,排
754,制定,0,zhi,制
754,制定,1,ding,定
755,逐步,0,zhu,逐
755,逐步,1,bu,步
756,它们,0,ta,它
756,它们,1,men,们
757,高速,0,gao,高
757,高速,1,su,速
758,避免,0,bi,避
758,避免,1,mian,免
759,十分,0,shi,十
759,十分,1,fen,分
760,检测,0,jian,检
760,检测,1,ce,测
761,业内人士,0,ye,业
761,业内人士,1,nei,内
761,业内人士,2,ren,人
761,业内人士,3,shi,士
762,背景,0,bei,背
762,背景,1,jing,景
763,每个,0,mei,每
763,每个,1,ge,个
764,一旦,0,yi,一
764,一旦,1,dan,旦
765,女人,0,nv,女
765,女人,1,ren,人
766,统一,0,tong,统
766,统一,1,yi,一
767,农村,0,nong,农
767,农村,1,cun,村
768,逐渐,0,zhu,逐
768,逐渐,1,jian,渐
769,券商,0,quan,券
769,券商,1,shang,商
770,有人,0,you,有
770,有人,1,ren,人
771,声明,0,sheng,声
771,声明,1,ming,明
772,目的,0,mu,目
772,目的,1,di,的
773,卫生,0,wei,卫
773,卫生,1,sheng,生
774,看来,0,kan,看
774,看来,1,lai,来
775,调控,0,tiao,调
775,调控,1,kong,控
776,似乎,0,si,似
776,似乎,1,hu,乎
777,男子,0,nan,男
777,男子,1,zi,子
778,用于,0,yong,用
778,用于,1,yu,于
779,行情,0,hang,行
779,行情,1,qing,情
780,有望,0,you,有
780,有望,1,wang,望
781,车辆,0,che,车
781,车辆,1,liang,辆
782,愿意,0,yuan,愿
782,愿意,1,yi,意
783,收费,0,shou,收
783,收费,1,fei,费
784,违法,0,wei,违
784,违法,1,fa,法
785,免费,0,mian,免
785,免费,1,fei,费
786,别人,0,bie,别
786,别人,1,ren,人
787,本身,0,ben,本
787,本身,1,shen,身
788,担心,0,dan,担
788,担心,1,xin,心
789,在线,0,zai,在
789,在线,1,xian,线
790,计算,0,ji,计
790,计算,1,suan,算
791,试点,0,shi,试
791,试点,1,dian,点
792,规范,0,gui,规
792,规范,1,fan,范
793,说法,0,shuo,说
793,说法,1,fa,法
794,工资,0,gong,工
794,工资,1,zi,资
795,机场,0,ji,机
795,机场,1,chang,场
796,推荐,0,tui,推
796,推荐,1,jian,荐
797,国外,0,guo,国
797,国外,1,wai,外
798,充分,0,chong,充
798,充分,1,fen,分
799,知识,0,zhi,知
799,知识,1,shi,识
800,新华社,0,xin,新
800,新华社,1,hua,华
800,新华社,2,she,社
801,自身,0,zi,自
801,自身,1,shen,身
802,官方,0,guan,官
802,官方,1,fang,方
803,突然,0,tu,突
803,突然,1,ran,然
804,在于,0,zai,在
804,在于,1,yu,于
805,表明,0,biao,表
805,表明,1,ming,明
806,制造,0,zhi,制
806,制造,1,zao,造
807,文章,0,wen,文
807,文章,1,zhang,章
808,北京市,0,bei,北
808,北京市,1,jing,京
808,北京市,2,shi,市
809,作出,0,zuo,作
809,作出,1,chu,出
810,自由,0,zi,自
810,自由,1,you,由
811,困难,0,kun,困
811,困难,1,nan,难
812,第四,0,di,第
812,第四,1,si,四
813,形式,0,xing,形
813,形式,1,shi,式
814,文件,0,wen,文
814,文件,1,jian,件
815,地震,0,di,地
815,地震,1,zhen,震
816,律师,0,lv,律
816,律师,1,shi,师
817,创业板,0,chuang,创
817,创业板,1,ye,业
817,创业板,2,ban,板
818,交流,0,jiao,交
818,交流,1,liu,流
819,清楚,0,qing,清
819,清楚,1,chu,楚
820,今日,0,jin,今
820,今日,1,ri,日
821,累计,0,lei,累
821,累计,1,ji,计
822,曾经,0,ceng,曾
822,曾经,1,jing,经
823,董事长,0,dong,董
823,董事长,1,shi,事
823,董事长,2,zhang,长
824,酒店,0,jiu,酒
824,酒店,1,dian,店
825,人数,0,ren,人
825,人数,1,shu,数
826,态度,0,tai,态
826,态度,1,du,度
827,对方,0,dui,对
827,对方,1,fang,方
828,据悉,0,ju,据
828,据悉,1,xi,悉
829,从而,0,cong,从
829,从而,1,er,而
830,做出,0,zuo,做
830,做出,1,chu,出
831,咨询,0,zi,咨
831,咨询,1,xun,询
832,满足,0,man,满
832,满足,1,zu,足
833,存款,0,cun,存
833,存款,1,kuan,款
834,人类,0,ren,人
834,人类,1,lei,类
835,大部分,0,da,大
835,大部分,1,bu,部
835,大部分,2,fen,分
836,加上,0,jia,加
836,加上,1,shang,上
837,跌幅,0,die,跌
837,跌幅,1,fu,幅
838,药品,0,yao,药
838,药品,1,pin,品
839,一点,0,yi,一
839,一点,1,dian,点
840,展开,0,zhan,展
840,展开,1,kai,开
841,艺术,0,yi,艺
841,艺术,1,shu,术
842,收益率,0,shou,收
842,收益率,1,yi,益
842,收益率,2,lv,率
843,走势,0,zou,走
843,走势,1,shi,势
844,儿童,0,er,儿
844,儿童,1,tong,童
845,团队,0,tuan,团
845,团队,1,dui,队
846,农业,0,nong,农
846,农业,1,ye,业
847,注册,0,zhu,注
847,注册,1,ce,册
848,个股,0,ge,个
848,个股,1,gu,股
849,突破,0,tu,突
849,突破,1,po,破
850,采用,0,cai,采
850,采用,1,yong,用
851,位置,0,wei,位
851,位置,1,zhi,置
852,独立,0,du,独
852,独立,1,li,立
853,总经理,0,zong,总
853,总经理,1,jing,经
853,总经理,2,li,理
854,教授,0,jiao,教
854,教授,1,shou,授
855,只有,0,zhi,只
855,只有,1,you,有
856,父母,0,fu,父
856,父母,1,mu,母
857,升级,0,sheng,升
857,升级,1,ji,级
858,环保,0,huan,环
858,环保,1,bao,保
859,编辑,0,bian,编
859,编辑,1,ji,辑
860,打击,0,da,打
860,打击,1,ji,击
861,来源,0,lai,来
861,来源,1,yuan,源
862,书记,0,shu,书
862,书记,1,ji,记
863,财务,0,cai,财
863,财务,1,wu,务
864,吸引,0,xi,吸
864,吸引,1,yin,引
865,房子,0,fang,房
865,房子,1,zi,子
866,营销,0,ying,营
866,营销,1,xiao,销
867,意味着,0,yi,意
867,意味着,1,wei,味
867,意味着,2,zhe,着
868,手段,0,shou,手
868,手段,1,duan,段
869,时期,0,shi,时
869,时期,1,qi,期
870,预测,0,yu,预
870,预测,1,ce,测
871,往往,0,wang,往
871,往往,1,wang,往
872,现金,0,xian,现
872,现金,1,jin,金
873,现代,0,xian,现
873,现代,1,dai,代
874,如今,0,ru,如
874,如今,1,jin,今
875,数字,0,shu,数
875,数字,1,zi,字
876,百分点,0,bai,百
876,百分点,1,fen,分
876,百分点,2,dian,点
877,补贴,0,bu,补
877,补贴,1,tie,贴
878,不好,0,bu,不
878,不好,1,hao,好
879,来看,0,lai,来
879,来看,1,kan,看
880,账户,0,zhang,账
880,账户,1,hu,户
881,认识,0,ren,认
881,认识,1,shi,识
882,民众,0,min,民
882,民众,1,zhong,众
883,幅度,0,fu,幅
883,幅度,1,du,度
884,接近,0,jie,接
884,接近,1,jin,近
885,转型,0,zhuan,转
885,转型,1,xing,型
886,非法,0,fei,非
886,非法,1,fa,法
887,成员,0,cheng,成
887,成员,1,yuan,员
888,天气,0,tian,天
888,天气,1,qi,气
889,应当,0,ying,应
889,应当,1,dang,当
890,于是,0,yu,于
890,于是,1,shi,是
891,照片,0,zhao,照
891,照片,1,pian,片
892,不错,0,bu,不
892,不错,1,cuo,错
893,小组,0,xiao,小
893,小组,1,zu,组
894,公众,0,gong,公
894,公众,1,zhong,众
895,涉嫌,0,she,涉
895,涉嫌,1,xian,嫌
896,给予,0,ji,给
896,给予,1,yu,予
897,奶粉,0,nai,奶
897,奶粉,1,fen,粉
898,搜索,0,sou,搜
898,搜索,1,suo,索
899,事实,0,shi,事
899,事实,1,shi,实
900,概念,0,gai,概
900,概念,1,nian,念
901,研发,0,yan,研
901,研发,1,fa,发
902,信心,0,xin,信
902,信心,1,xin,心
903,发言人,0,fa,发
903,发言人,1,yan,言
903,发言人,2,ren,人
904,首席,0,shou,首
904,首席,1,xi,席
905,百度,0,bai,百
905,百度,1,du,度
906,事实上,0,shi,事
906,事实上,1,shi,实
906,事实上,2,shang,上
907,反应,0,fan,反
907,反应,1,ying,应
908,良好,0,liang,良
908,良好,1,hao,好
909,干部,0,gan,干
909,干部,1,bu,部
910,现实,0,xian,现
910,现实,1,shi,实
911,物质,0,wu,物
911,物质,1,zhi,质
912,策略,0,ce,策
912,策略,1,lve,略
913,理论,0,li,理
913,理论,1,lun,论
914,变成,0,bian,变
914,变成,1,cheng,成
915,欧元,0,ou,欧
915,欧元,1,yuan,元
916,最低,0,zui,最
916,最低,1,di,低
917,承担,0,cheng,承
917,承担,1,dan,担
918,晚上,0,wan,晚
918,晚上,1,shang,上
919,确保,0,que,确
919,确保,1,bao,保
920,原来,0,yuan,原
920,原来,1,lai,来
921,实行,0,shi,实
921,实行,1,xing,行
922,角度,0,jiao,角
922,角度,1,du,度
923,情绪,0,qing,情
923,情绪,1,xu,绪
924,智能,0,zhi,智
924,智能,1,neng,能
925,重组,0,chong,重
925,重组,1,zu,组
926,结合,0,jie,结
926,结合,1,he,合
927,质疑,0,zhi,质
927,质疑,1,yi,疑
928,总体,0,zong,总
928,总体,1,ti,体
929,判断,0,pan,判
929,判断,1,duan,断
930,原则,0,yuan,原
930,原则,1,ze,则
931,达成,0,da,达
931,达成,1,cheng,成
932,意识,0,yi,意
932,意识,1,shi,识
933,地位,0,di,地
933,地位,1,wei,位
934,新兴,0,xin,新
934,新兴,1,xing,兴
935,高度,0,gao,高
935,高度,1,du,度
936,品种,0,pin,品
936,品种,1,zhong,种
937,丰富,0,feng,丰
937,丰富,1,fu,富
938,立即,0,li,立
938,立即,1,ji,即
939,发挥,0,fa,发
939,发挥,1,hui,挥
940,环比,0,huan,环
940,环比,1,bi,比
941,形势,0,xing,形
941,形势,1,shi,势
942,成长,0,cheng,成
942,成长,1,zhang,长
943,大盘,0,da,大
943,大盘,1,pan,盘
944,同意,0,tong,同
944,同意,1,yi,意
945,国有,0,guo,国
945,国有,1,you,有
946,袭击,0,xi,袭
946,袭击,1,ji,击
947,主动,0,zhu,主
947,主动,1,dong,动
948,疾病,0,ji,疾
948,疾病,1,bing,病
949,承诺,0,cheng,承
949,承诺,1,nuo,诺
950,受伤,0,shou,受
950,受伤,1,shang,伤
951,社区,0,she,社
951,社区,1,qu,区
952,宣传,0,xuan,宣
952,宣传,1,chuan,传
953,观点,0,guan,观
953,观点,1,dian,点
954,人体,0,ren,人
954,人体,1,ti,体
955,身份,0,shen,身
955,身份,1,fen,份
956,纽约,0,niu,纽
956,纽约,1,yue,约
957,南京,0,nan,南
957,南京,1,jing,京
958,缺乏,0,que,缺
958,缺乏,1,fa,乏
959,工具,0,gong,工
959,工具,1,ju,具
960,房屋,0,fang,房
960,房屋,1,wu,屋
961,各地,0,ge,各
961,各地,1,di,地
962,生物,0,sheng,生
962,生物,1,wu,物
963,高于,0,gao,高
963,高于,1,yu,于
964,供应,0,gong,供
964,供应,1,ying,应
965,明年,0,ming,明
965,明年,1,nian,年
966,事业,0,shi,事
966,事业,1,ye,业
967,联合国,0,lian,联
967,联合国,1,he,合
967,联合国,2,guo,国
968,希腊,0,xi,希
968,希腊,1,la,腊
969,落实,0,luo,落
969,落实,1,shi,实
970,回落,0,hui,回
970,回落,1,luo,落
971,增强,0,zeng,增
971,增强,1,qiang,强
972,支出,0,zhi,支
972,支出,1,chu,出
973,紧张,0,jin,紧
973,紧张,1,zhang,张
974,遭遇,0,zao,遭
974,遭遇,1,yu,遇
975,享受,0,xiang,享
975,享受,1,shou,受
976,大会,0,da,大
976,大会,1,hui,会
977,感到,0,gan,感
977,感到,1,dao,到
978,办理,0,ban,办
978,办理,1,li,理
979,设立,0,she,设
979,设立,1,li,立
980,批准,0,pi,批
980,批准,1,zhun,准
981,提前,0,ti,提
981,提前,1,qian,前
982,公安,0,gong,公
982,公安,1,an,安
983,到底,0,dao,到
983,到底,1,di,底
984,总裁,0,zong,总
984,总裁,1,cai,裁
985,离开,0,li,离
985,离开,1,kai,开
986,确认,0,que,确
986,确认,1,ren,认
987,重视,0,zhong,重
987,重视,1,shi,视
988,并不,0,bing,并
988,并不,1,bu,不
989,亚洲,0,ya,亚
989,亚洲,1,zhou,洲
990,采购,0,cai,采
990,采购,1,gou,购
991,创造,0,chuang,创
991,创造,1,zao,造
992,道路,0,dao,道
992,道路,1,lu,路
993,办公室,0,ban,办
993,办公室,1,gong,公
993,办公室,2,shi,室
994,人才,0,ren,人
994,人才,1,cai,才
995,不再,0,bu,不
995,不再,1,zai,再
996,村民,0,cun,村
996,村民,1,min,民
997,局长,0,ju,局
997,局长,1,zhang,长
998,部长,0,bu,部
998,部长,1,zhang,长
999,取消,0,qu,取
999,取消,1,xiao,消
1000,适合,0,shi,适
1000,适合,1,he,合
